apple,fruit,https://i.ibb.co/ZMwV2mV/apple-1834639-1280.jpg,TRUE,
pear,fruit,https://i.ibb.co/MNgvppK/food-2280-1280.jpg,FALSE,
orange,fruit,https://i.ibb.co/J5sGpfw/oranges-428072-1280.jpg,FALSE,
strawberry,fruit,https://i.ibb.co/LhWhzKC/strawberry-7224875-1280.jpg,FALSE,
grapefruit,fruit,https://i.ibb.co/fDrMnxV/fruits-2202422-1280.jpg,FALSE,
grapes,fruit,https://i.ibb.co/8ry1Ng5/grapes-0-jpg.webp,TRUE,
red grapes,fruit,https://i.ibb.co/RN1J0Y3/grapes-1283162-1280.jpg,FALSE,6
black grapes,fruit,https://i.ibb.co/zHXD0Hd/grapes-5518970-1280.jpg,FALSE,6
green grapes,fruit,https://i.ibb.co/0yjfQVT/grapes-5581762-1280.jpg,FALSE,6
clementines,fruit,https://i.ibb.co/xYtKxY3/mandarins-3167020-1280.jpg,FALSE,
mango,fruit,https://i.ibb.co/XLQMKC7/mangoes-6944865-1280.jpg,FALSE,
peach,fruit,https://i.ibb.co/Y8FzYgK/food-2563403-1280.jpg,FALSE,
nectarine,fruit,https://i.ibb.co/h8CWFbr/nectarine-2409370-1280.jpg,FALSE,
banana,fruit,https://i.ibb.co/CKFcMH5/banana-2449019-1280.jpg,FALSE,
persimmon,fruit,https://i.ibb.co/SctnyTQ/persimmon-1001802-1280.jpg,FALSE,
papaya,fruit,https://i.ibb.co/LdkvFjC/fruit-1476989-1280.jpg,FALSE,
passion fruit,fruit,https://i.ibb.co/xzDjRRv/passion-fruit-3519303-1280.jpg,FALSE,
starfruit,fruit,https://i.ibb.co/TMkP8Zt/star-fruit-1557438-1280.jpg,FALSE,
blackberries,fruit,https://i.ibb.co/Z2S35kp/blackberry-1061734-1280.jpg,FALSE,
raspberries,fruit,https://i.ibb.co/7GS31W2/healthy-3349423-1280.jpg,FALSE,
kiwi,fruit,https://i.ibb.co/2M8VQ0s/kiwi-3170652-1280.jpg,FALSE,
pineapple,fruit,https://i.ibb.co/9G1LqH1/pineapple-5108775-1280.jpg,FALSE,
pink pineapple,fruit,https://i.ibb.co/5kzD0Yw/Pinkglow-Pink-Pineapple-1280x-4d97658e-b88c-42c2-b71e-c8eca1a8fe29.webp,FALSE,
applesauce,fruit,https://i.ibb.co/CWvjqyP/apple-sauce-544676-1280.jpg,FALSE,
apple butter,condiments,https://i.ibb.co/XFZXw7g/Apple-Butter-Recipe-1-of-1-2.jpg,FALSE,
apricot,fruit,https://i.ibb.co/3YsFcPH/apricot-2314631-1280.jpg,FALSE,
lemon,fruit,https://i.ibb.co/YXtG91T/lemon-2121307-1280.jpg,FALSE,
lime,fruit,https://i.ibb.co/BqPBky3/food-1239235-1280.jpg,FALSE,
plum,fruit,https://i.ibb.co/h2PkxnN/plum-2427588-1280.jpg,FALSE,
blueberry,fruit,https://i.ibb.co/rbtHNWF/blueberry-3357568-1280.jpg,FALSE,
coconut,fruit,https://i.ibb.co/3ydHGzB/coconut-2675546-1280.jpg,FALSE,
spinach,vegetable,https://i.ibb.co/k1rYCX9/vegetable-1125420-1280.jpg,FALSE,
lettuce,vegetable,https://i.ibb.co/y5Kx22w/salad-3505392-1280.jpg,FALSE,
kale,vegetable,https://i.ibb.co/sKCbjKs/vegetables-2202495-1280.jpg,FALSE,
swiss chard,vegetable,https://i.ibb.co/SfkM8zh/leaves-7741294-1280.jpg,FALSE,
collard greens,vegetable,https://i.ibb.co/bbqWMj2/vegetables-2202487-1280.jpg,FALSE,
mustard greens,vegetable,https://i.ibb.co/wspzwRw/mustard-7486519-1280.jpg,FALSE,
arugula,vegetable,https://i.ibb.co/TrJMb1y/images.webp,FALSE,
watercress,vegetable,https://i.ibb.co/8grgBXT/watercress-4257303-1280.jpg,FALSE,
bok choy,vegetable,https://i.ibb.co/r3ZLsy3/bok-choy-1922454-1280.jpg,FALSE,
endive,vegetable,https://i.ibb.co/z6QTBFk/endive-4583705-1280.jpg,FALSE,
radicchio,vegetable,https://i.ibb.co/Qf3NHVc/radicchio-74315-1280.jpg,FALSE,
romaine,vegetable,https://i.ibb.co/k90sgCr/lettuce-2468495-1280.png,FALSE,
mache,vegetable,https://i.ibb.co/gMsqqkX/download-5.jpg,FALSE,
broccoli,vegetable,https://i.ibb.co/PjQqMpj/broccoli-1238250-1280.jpg,FALSE,
cauliflower,vegetable,https://i.ibb.co/NnrFrW1/cauliflower-849643-1280.jpg,FALSE,
cabbage,vegetable,https://i.ibb.co/NC5xz6j/cabbage-7191817-1280.jpg,FALSE,
brussels sprouts,vegetable,https://i.ibb.co/MZNgrSc/cabbage-8517143-1280.jpg,FALSE,
kohlrabi,vegetable,https://i.ibb.co/X4Stfmw/kohlrabi-74276-1280.jpg,FALSE,
turnip greens,vegetable,https://i.ibb.co/thsYfby/turnip-5231857-1280.jpg,FALSE,
turnips,vegetable,https://i.ibb.co/MNShtsJ/turnip-5231855-1280.jpg,FALSE,
radishes,vegetable,https://i.ibb.co/xYXRRBx/radish-3955463-1280.jpg,FALSE,
carrots,vegetable,https://i.ibb.co/J7hTJkL/carrots-1112020-1280.jpg,FALSE,
baby potatoes,vegetable,https://i.ibb.co/T0PKNSD/potatoes-4331742-1280.jpg,FALSE,
sweet potatoes,vegetable,https://i.ibb.co/tpCLpBc/market-4077575-1280.jpg,FALSE,
beets,vegetable,https://i.ibb.co/p2ZNjPp/beetroot-3490809-1280.jpg,FALSE,
parsnips,vegetable,https://i.ibb.co/yqHKVZ5/parsnip-5700588-1280.jpg,FALSE,
rutabaga,vegetable,https://i.ibb.co/0h0Wdxf/turnip-2546876-1280.jpg,FALSE,
taro,vegetable,https://i.ibb.co/304WV3G/taro-5367857-1280.jpg,FALSE,
jicama,vegetable,https://i.ibb.co/1RV363J/jicama-875254-1280.jpg,FALSE,
jerusalem artichokes,vegetable,https://i.ibb.co/N37Qq6j/vegetable-3569736-1280.jpg,FALSE,
cassava,vegetable,https://i.ibb.co/808FJSm/yuca-1353258-1280.jpg,FALSE,
yellow onion,vegetable,https://i.ibb.co/mFbVnxq/onion-bulbs-84722-1280.jpg,FALSE,
white onion,vegetable,https://i.ibb.co/Tg8k6py/onion-1529070-1280.jpg,FALSE,
red onion,vegetable,https://i.ibb.co/jgqs1Lh/onion-276590-1280.jpg,FALSE,
sweet onion,vegetable,https://i.ibb.co/Twnz7wk/vidalia-onion-0522-68098e83bad64d09a8cfd4dba5a00207.jpg,FALSE,
cipollini onion,vegetable,https://i.ibb.co/k0Pc413/download.jpg,FALSE,
ramps,vegetable,https://i.ibb.co/jTRNSHc/shopping.webp,FALSE,
pickled onions,condiments,https://i.ibb.co/vxpjY0X/download-1.jpg,FALSE,
fried onions,condiments,https://i.ibb.co/85hcD6q/download-2.jpg,FALSE,
pearl onions,vegetable,https://i.ibb.co/gwXbkCC/download-3.jpg,FALSE,
dehydrated onions,spices,https://i.ibb.co/YbF8Cyf/download-4.jpg,FALSE,
garlic,vegetable,https://i.ibb.co/qsPDQrC/download-15.jpg,FALSE,
shallots,vegetable,https://i.ibb.co/qsPDQrC/download-15.jpg,FALSE,
leeks,vegetable,https://i.ibb.co/qsPDQrC/download-15.jpg,FALSE,
fennel,vegetable,https://i.ibb.co/qsPDQrC/download-15.jpg,FALSE,
green onion,vegetable,https://i.ibb.co/K5KvvZb/scallion-2316378-1280.png,TRUE,78
scallions,vegetable,https://i.ibb.co/K5KvvZb/scallion-2316378-1280.png,TRUE,77
asparagus,vegetable,https://i.ibb.co/qsPDQrC/download-15.jpg,FALSE,
celery,vegetable,https://i.ibb.co/F38Tpf4/celery-3410302-1280.png,FALSE,
rhubarb,fruit,https://i.ibb.co/qsPDQrC/download-15.jpg,FALSE,
bamboo shoots,vegetable,https://i.ibb.co/qsPDQrC/download-15.jpg,FALSE,
green beans,vegetable,https://i.ibb.co/qsPDQrC/download-15.jpg,FALSE,
snap peas,vegetable,https://i.ibb.co/qsPDQrC/download-15.jpg,FALSE,
lima beans,vegetable,https://i.ibb.co/qsPDQrC/download-15.jpg,FALSE,
snow peas,vegetable,https://i.ibb.co/qsPDQrC/download-15.jpg,FALSE,
edamame,vegetable,https://i.ibb.co/qsPDQrC/download-15.jpg,FALSE,
okra,vegetable,https://i.ibb.co/bL7GXxR/lady-finger-2764615-1280.jpg,FALSE,
chickpeas,vegetable,https://i.ibb.co/RDRt9qy/chickpea-316594-1280.jpg,FALSE,
lentils,vegetable,https://i.ibb.co/qsPDQrC/download-15.jpg,FALSE,
zucchini,vegetable,https://i.ibb.co/qsPDQrC/download-15.jpg,FALSE,
yellow squash,vegetable,https://i.ibb.co/qsPDQrC/download-15.jpg,FALSE,
acorn squash,vegetable,https://i.ibb.co/qsPDQrC/download-15.jpg,FALSE,
butternut squash,vegetable,https://i.ibb.co/qsPDQrC/download-15.jpg,FALSE,
pumpkin,vegetable,https://i.ibb.co/fpPjBtF/pumpkins-457716-1280.jpg,FALSE,
spaghetti squash,vegetable,https://i.ibb.co/qsPDQrC/download-15.jpg,FALSE,
chayote,vegetable,https://i.ibb.co/mzx7vN5/chayote-5318923-1280.jpg,FALSE,
bitter melon,fruit,https://i.ibb.co/qsPDQrC/download-15.jpg,FALSE,
pattypan squash,vegetable,https://i.ibb.co/qsPDQrC/download-15.jpg,FALSE,
tomato,vegetable,https://i.ibb.co/qsPDQrC/download-15.jpg,FALSE,
eggplant,vegetable,https://i.ibb.co/qsPDQrC/download-15.jpg,FALSE,
bell pepper,vegetable,https://i.ibb.co/qsPDQrC/download-15.jpg,FALSE,
shishito peppers,vegetable,https://i.ibb.co/zXYwcYq/pepper-1922458-1280.jpg,FALSE,
anaheim chili peppers,vegetable,https://i.ibb.co/CmW0VPy/anaheim-peppers-1342986-1280.jpg,FALSE,
chives,herb,https://i.ibb.co/qsPDQrC/download-15.jpg,FALSE,
poblano ,vegetable,https://i.ibb.co/qsPDQrC/download-15.jpg,FALSE,
cayenne pepper,vegetable,https://i.ibb.co/qsPDQrC/download-15.jpg,FALSE,
nori,vegetable,https://i.ibb.co/qsPDQrC/download-15.jpg,FALSE,
wakame,vegetable,https://i.ibb.co/qsPDQrC/download-15.jpg,FALSE,
kombu,vegetable,https://i.ibb.co/qsPDQrC/download-15.jpg,FALSE,
dulse,vegetable,https://i.ibb.co/qsPDQrC/download-15.jpg,FALSE,
sea lettuce,vegetable,https://i.ibb.co/qsPDQrC/download-15.jpg,FALSE,
russet potatoes,vegetable,https://i.ibb.co/qsPDQrC/download-15.jpg,FALSE,
yukon gold potatoes,vegetable,https://i.ibb.co/qsPDQrC/download-15.jpg,FALSE,
red potatoes,vegetable,https://i.ibb.co/Qnx9BjX/potatoes-43242-1280.jpg,FALSE,
sweet corn,vegetable,https://i.ibb.co/HtJJt4Z/vegetable-2489368-1280.png,FALSE,
daikon radish,vegetable,https://i.ibb.co/qsPDQrC/download-15.jpg,FALSE,
malabar spinach,vegetable,https://i.ibb.co/qsPDQrC/download-15.jpg,FALSE,
tindora,vegetable,https://i.ibb.co/qsPDQrC/download-15.jpg,FALSE,
yardlong beans,vegetable,https://i.ibb.co/qsPDQrC/download-15.jpg,FALSE,
snake gourd,vegetable,https://i.ibb.co/qsPDQrC/download-15.jpg,FALSE,
fiddlehead ferns,vegetable,https://i.ibb.co/qsPDQrC/download-15.jpg,FALSE,
celeriac,vegetable,https://i.ibb.co/qsPDQrC/download-15.jpg,FALSE,
cucumbers,vegetable,https://i.ibb.co/qsPDQrC/download-15.jpg,FALSE,
artichokes,vegetable,https://i.ibb.co/StVX9dz/artichoke-1347916-1280.jpg,FALSE,
avocados,vegetable,https://i.ibb.co/y8KRZGy/avocado-1287100-1280.jpg,FALSE,
white button mushroom,vegetable,https://i.ibb.co/9phN0Sk/white-mushrooms-intro.png,FALSE,
cremini mushroom,vegetable,https://i.ibb.co/HpvVr4v/download.webp,FALSE,
portobello mushroom,vegetable,https://i.ibb.co/qsPDQrC/download-15.jpg,FALSE,
pearl oyster mushroom,vegetable,https://i.ibb.co/qsPDQrC/download-15.jpg,FALSE,
golden oyster mushroom,vegetable,https://i.ibb.co/qsPDQrC/download-15.jpg,FALSE,
pink oyster mushroom,vegetable,https://i.ibb.co/qsPDQrC/download-15.jpg,FALSE,
king oyster mushroom,vegetable,https://i.ibb.co/qsPDQrC/download-15.jpg,FALSE,
shiitake mushroom,vegetable,https://i.ibb.co/qsPDQrC/download-15.jpg,FALSE,
enoki mushroom,vegetable,https://i.ibb.co/qsPDQrC/download-15.jpg,FALSE,
maitake mushroom,vegetable,https://i.ibb.co/qsPDQrC/download-15.jpg,FALSE,
chanterelle mushroom,vegetable,https://i.ibb.co/qsPDQrC/download-15.jpg,FALSE,
black trumpet mushroom,vegetable,https://i.ibb.co/qsPDQrC/download-15.jpg,FALSE,
morel mushroom,vegetable,https://i.ibb.co/qsPDQrC/download-15.jpg,FALSE,
porcini mushroom,vegetable,https://i.ibb.co/qsPDQrC/download-15.jpg,FALSE,
black truffle,vegetable,https://i.ibb.co/qsPDQrC/download-15.jpg,FALSE,
white truffle,vegetable,https://i.ibb.co/qsPDQrC/download-15.jpg,FALSE,
giant puffball mushroom,vegetable,https://i.ibb.co/qsPDQrC/download-15.jpg,FALSE,
lions mane mushroom,vegetable,https://i.ibb.co/qsPDQrC/download-15.jpg,FALSE,
beech mushroom,vegetable,https://i.ibb.co/qsPDQrC/download-15.jpg,FALSE,
wood ear mushroom,vegetable,https://i.ibb.co/qsPDQrC/download-15.jpg,FALSE,
nameko mushroom,vegetable,https://i.ibb.co/qsPDQrC/download-15.jpg,FALSE,
chestnut mushroom,vegetable,https://i.ibb.co/qsPDQrC/download-15.jpg,FALSE,
cauliflower mushroom,vegetable,https://i.ibb.co/qsPDQrC/download-15.jpg,FALSE,
milk,dairy/eggs,https://i.ibb.co/j5M6FM1/Glass-and-bottle-of-milk-fe0997a.jpg,TRUE,
2% milk,dairy/eggs,https://i.ibb.co/j5M6FM1/Glass-and-bottle-of-milk-fe0997a.jpg,FALSE,150
whole milk,dairy/eggs,https://i.ibb.co/j5M6FM1/Glass-and-bottle-of-milk-fe0997a.jpg,FALSE,150
brown sugar,baking,https://i.ibb.co/qsPDQrC/download-15.jpg,TRUE,
granulated sugar,baking,https://i.ibb.co/qsPDQrC/download-15.jpg,FALSE,
powdered sugar,baking,https://i.ibb.co/qsPDQrC/download-15.jpg,FALSE,
flour,baking,https://i.ibb.co/D7Q9zzr/flour-types-1637342044.jpg,TRUE,
bread flour,baking,https://i.ibb.co/D7Q9zzr/flour-types-1637342044.jpg,FALSE,156
all purpose flour,baking,https://i.ibb.co/D7Q9zzr/flour-types-1637342044.jpg,FALSE,156
enriched flour,baking,https://i.ibb.co/D7Q9zzr/flour-types-1637342044.jpg,FALSE,156
whole wheat flour,baking,https://i.ibb.co/D7Q9zzr/flour-types-1637342044.jpg,FALSE,156
self rising flour,baking,https://i.ibb.co/D7Q9zzr/flour-types-1637342044.jpg,FALSE,
light brown suger,baking,https://i.ibb.co/qsPDQrC/download-15.jpg,FALSE,153
dark brown sugar,baking,https://i.ibb.co/qsPDQrC/download-15.jpg,FALSE,153
molasses,condiments,https://i.ibb.co/qsPDQrC/download-15.jpg,FALSE,
ketchup,condiments,https://i.ibb.co/qsPDQrC/download-15.jpg,FALSE,
barbecue sauce,condiments,https://i.ibb.co/qsPDQrC/download-15.jpg,FALSE,
yellow mustard,condiments,https://i.ibb.co/qsPDQrC/download-15.jpg,FALSE,
dijon mustard,condiments,https://i.ibb.co/qsPDQrC/download-15.jpg,FALSE,
ranch dressing,condiments,https://i.ibb.co/qsPDQrC/download-15.jpg,FALSE,
french dressing,condiments,https://i.ibb.co/qsPDQrC/download-15.jpg,FALSE,
mayonaise,condiments,https://i.ibb.co/qsPDQrC/download-15.jpg,FALSE,
italian dressing,condiments,https://i.ibb.co/qsPDQrC/download-15.jpg,FALSE,
poppy seed dressing,condiments,https://i.ibb.co/qsPDQrC/download-15.jpg,FALSE,
balsamic vinaigrette,condiments,https://i.ibb.co/qsPDQrC/download-15.jpg,FALSE,
red wine vinaigrette,condiments,https://i.ibb.co/qsPDQrC/download-15.jpg,FALSE,
white wine vinaigrette,condiments,https://i.ibb.co/qsPDQrC/download-15.jpg,FALSE,
sherry vinaigrette,condiments,https://i.ibb.co/qsPDQrC/download-15.jpg,FALSE,
lemon vinaigrette,condiments,https://i.ibb.co/qsPDQrC/download-15.jpg,FALSE,
apple cider vinaigrette,condiments,https://i.ibb.co/qsPDQrC/download-15.jpg,FALSE,
honey balsamic vinaigrette,condiments,https://i.ibb.co/qsPDQrC/download-15.jpg,FALSE,
blue cheese dressing,condiments,https://i.ibb.co/qsPDQrC/download-15.jpg,FALSE,
caesar dressing,condiments,https://i.ibb.co/qsPDQrC/download-15.jpg,FALSE,
thousand island dressing,condiments,https://i.ibb.co/qsPDQrC/download-15.jpg,FALSE,
russian dressing,condiments,https://i.ibb.co/qsPDQrC/download-15.jpg,FALSE,
honey mustard dressing,condiments,https://i.ibb.co/qsPDQrC/download-15.jpg,FALSE,
green goddess dressing,condiments,https://i.ibb.co/qsPDQrC/download-15.jpg,FALSE,
sesame ginger dressing,condiments,https://i.ibb.co/qsPDQrC/download-15.jpg,FALSE,
miso dressing,condiments,https://i.ibb.co/qsPDQrC/download-15.jpg,FALSE,
tzatziki ,condiments,https://i.ibb.co/qsPDQrC/download-15.jpg,FALSE,
salt,spices,https://i.ibb.co/qsPDQrC/download-15.jpg,TRUE,
table salt,spices,https://i.ibb.co/qsPDQrC/download-15.jpg,FALSE,190
kosher salt,spices,https://i.ibb.co/qsPDQrC/download-15.jpg,FALSE,190
sea salt,spices,https://i.ibb.co/qsPDQrC/download-15.jpg,FALSE,190
redmonds real salt,spices,https://i.ibb.co/qsPDQrC/download-15.jpg,FALSE,190
himalyan pink salt,spices,https://i.ibb.co/qsPDQrC/download-15.jpg,FALSE,190
red lava salt,spices,https://i.ibb.co/qsPDQrC/download-15.jpg,FALSE,190
black lava salt,spices,https://i.ibb.co/qsPDQrC/download-15.jpg,FALSE,190
celtic sea salt,spices,https://i.ibb.co/qsPDQrC/download-15.jpg,FALSE,190
mineral salt,spices,https://i.ibb.co/qsPDQrC/download-15.jpg,FALSE,190
black pepper,spices,https://i.ibb.co/qsPDQrC/download-15.jpg,TRUE,
white pepper,spices,https://i.ibb.co/qsPDQrC/download-15.jpg,FALSE,
red pepper flakes,spices,https://i.ibb.co/qsPDQrC/download-15.jpg,FALSE,
garlic powder,spices,https://i.ibb.co/qsPDQrC/download-15.jpg,FALSE,
onion powder,spices,https://i.ibb.co/qsPDQrC/download-15.jpg,FALSE,
sweet paprika,spices,https://i.ibb.co/qsPDQrC/download-15.jpg,FALSE,
smoked paprika,spices,https://i.ibb.co/qsPDQrC/download-15.jpg,FALSE,
hot paprika,spices,https://i.ibb.co/qsPDQrC/download-15.jpg,FALSE,
oregano,spices,https://i.ibb.co/qsPDQrC/download-15.jpg,FALSE,
basil,spices,https://i.ibb.co/qsPDQrC/download-15.jpg,FALSE,
cinnamon chips,spices,https://i.ibb.co/qsPDQrC/download-15.jpg,FALSE,
ground cinnamon,spices,https://i.ibb.co/qsPDQrC/download-15.jpg,FALSE,
cinnamon sticks,spices,https://i.ibb.co/qsPDQrC/download-15.jpg,FALSE,
cumin,spices,https://i.ibb.co/qsPDQrC/download-15.jpg,FALSE,
chili powder,spices,https://i.ibb.co/qsPDQrC/download-15.jpg,FALSE,
ground ginger,spices,https://i.ibb.co/qsPDQrC/download-15.jpg,FALSE,
thyme,spices,https://i.ibb.co/qsPDQrC/download-15.jpg,FALSE,
rosemary,spices,https://i.ibb.co/qsPDQrC/download-15.jpg,FALSE,
turmeric,spices,https://i.ibb.co/qsPDQrC/download-15.jpg,FALSE,
bay leaves,spices,https://i.ibb.co/qsPDQrC/download-15.jpg,FALSE,
nutmeg,spices,https://i.ibb.co/qsPDQrC/download-15.jpg,FALSE,
cloves,spices,https://i.ibb.co/qsPDQrC/download-15.jpg,FALSE,
coriander,spices,https://i.ibb.co/qsPDQrC/download-15.jpg,FALSE,
mustard powder,spices,https://i.ibb.co/qsPDQrC/download-15.jpg,FALSE,
allspice,spices,https://i.ibb.co/qsPDQrC/download-15.jpg,FALSE,
dill,spices,https://i.ibb.co/qsPDQrC/download-15.jpg,FALSE,
sage,spices,https://i.ibb.co/qsPDQrC/download-15.jpg,FALSE,
cardamom,spices,https://i.ibb.co/qsPDQrC/download-15.jpg,FALSE,
fennel seeds,spices,https://i.ibb.co/qsPDQrC/download-15.jpg,FALSE,
parsley,spices,https://i.ibb.co/qsPDQrC/download-15.jpg,FALSE,
whole chicken,meat,https://i.ibb.co/QMNNhph/1711455454-6602bcde65b25.webp,FALSE,
chicken breasts,meat,https://i.ibb.co/QMNNhph/1711455454-6602bcde65b25.webp,TRUE,
boneless skinless chicken breasts,meat,https://i.ibb.co/QMNNhph/1711455454-6602bcde65b25.webp,FALSE,231
bone-in chicken breasts,meat,https://i.ibb.co/QMNNhph/1711455454-6602bcde65b25.webp,FALSE,231
split chicken breasts,meat,https://i.ibb.co/QMNNhph/1711455454-6602bcde65b25.webp,FALSE,231
chicken thighs,meat,https://i.ibb.co/QMNNhph/1711455454-6602bcde65b25.webp,TRUE,
boneless skinless chicken thighs,meat,https://i.ibb.co/QMNNhph/1711455454-6602bcde65b25.webp,FALSE,235
bone-in skin-on chicken thighs,meat,https://i.ibb.co/QMNNhph/1711455454-6602bcde65b25.webp,FALSE,235
chicken drumsticks,meat,https://i.ibb.co/QMNNhph/1711455454-6602bcde65b25.webp,FALSE,
chicken wings,meat,https://i.ibb.co/QMNNhph/1711455454-6602bcde65b25.webp,FALSE,
chicken tenderloins,meat,https://i.ibb.co/QMNNhph/1711455454-6602bcde65b25.webp,FALSE,
chicken leg quarters,meat,https://i.ibb.co/QMNNhph/1711455454-6602bcde65b25.webp,FALSE,
ground chicken,meat,https://i.ibb.co/QMNNhph/1711455454-6602bcde65b25.webp,TRUE,
ground chicken breast,meat,https://i.ibb.co/QMNNhph/1711455454-6602bcde65b25.webp,FALSE,242
ground chicken thigh,meat,https://i.ibb.co/QMNNhph/1711455454-6602bcde65b25.webp,FALSE,242
chicken cutlets,meat,https://i.ibb.co/QMNNhph/1711455454-6602bcde65b25.webp,FALSE,
chicken bones,meat,https://i.ibb.co/QMNNhph/1711455454-6602bcde65b25.webp,FALSE,
chicken giblets,meat,https://i.ibb.co/QMNNhph/1711455454-6602bcde65b25.webp,FALSE,
ribeye steak,meat,https://i.ibb.co/GQJyVcw/cuts-of-beef-12.jpg,FALSE,
sirloin steak,meat,https://i.ibb.co/GQJyVcw/cuts-of-beef-12.jpg,FALSE,
filet mignon,meat,https://i.ibb.co/GQJyVcw/cuts-of-beef-12.jpg,FALSE,
new york strip,meat,https://i.ibb.co/GQJyVcw/cuts-of-beef-12.jpg,FALSE,
t-bone steak,meat,https://i.ibb.co/GQJyVcw/cuts-of-beef-12.jpg,FALSE,
porterhouse steak,meat,https://i.ibb.co/GQJyVcw/cuts-of-beef-12.jpg,FALSE,
flank steak,meat,https://i.ibb.co/GQJyVcw/cuts-of-beef-12.jpg,FALSE,
skirt steak,meat,https://i.ibb.co/GQJyVcw/cuts-of-beef-12.jpg,FALSE,
chuck roast,meat,https://i.ibb.co/GQJyVcw/cuts-of-beef-12.jpg,FALSE,
brisket,meat,https://i.ibb.co/GQJyVcw/cuts-of-beef-12.jpg,FALSE,
round roast,meat,https://i.ibb.co/GQJyVcw/cuts-of-beef-12.jpg,FALSE,
ground beef,meat,https://i.ibb.co/GQJyVcw/cuts-of-beef-12.jpg,FALSE,
beef short ribs,meat,https://i.ibb.co/GQJyVcw/cuts-of-beef-12.jpg,FALSE,
beef liver,meat,https://i.ibb.co/GQJyVcw/cuts-of-beef-12.jpg,FALSE,
beef shank,meat,https://i.ibb.co/GQJyVcw/cuts-of-beef-12.jpg,FALSE,
beef tendon,meat,https://i.ibb.co/GQJyVcw/cuts-of-beef-12.jpg,FALSE,
pork shoulder,meat,https://i.ibb.co/LQJmhxn/k-Design-2024-05-2024-types-of-pork-cuts-k-types-of-pork-lead-update-instagram.jpg,TRUE,
boston butt,meat,https://i.ibb.co/LQJmhxn/k-Design-2024-05-2024-types-of-pork-cuts-k-types-of-pork-lead-update-instagram.jpg,FALSE,264
pork loin,meat,https://i.ibb.co/LQJmhxn/k-Design-2024-05-2024-types-of-pork-cuts-k-types-of-pork-lead-update-instagram.jpg,FALSE,
pork chops,meat,https://i.ibb.co/LQJmhxn/k-Design-2024-05-2024-types-of-pork-cuts-k-types-of-pork-lead-update-instagram.jpg,FALSE,
pork belly,meat,https://i.ibb.co/LQJmhxn/k-Design-2024-05-2024-types-of-pork-cuts-k-types-of-pork-lead-update-instagram.jpg,FALSE,
pork ribs,meat,https://i.ibb.co/LQJmhxn/k-Design-2024-05-2024-types-of-pork-cuts-k-types-of-pork-lead-update-instagram.jpg,FALSE,
ground pork,meat,https://i.ibb.co/LQJmhxn/k-Design-2024-05-2024-types-of-pork-cuts-k-types-of-pork-lead-update-instagram.jpg,FALSE,
ham,meat,https://i.ibb.co/LQJmhxn/k-Design-2024-05-2024-types-of-pork-cuts-k-types-of-pork-lead-update-instagram.jpg,FALSE,
pork tenderloin,meat,https://i.ibb.co/LQJmhxn/k-Design-2024-05-2024-types-of-pork-cuts-k-types-of-pork-lead-update-instagram.jpg,FALSE,
pork sausages,meat,https://i.ibb.co/LQJmhxn/k-Design-2024-05-2024-types-of-pork-cuts-k-types-of-pork-lead-update-instagram.jpg,FALSE,
pork hocks,meat,https://i.ibb.co/LQJmhxn/k-Design-2024-05-2024-types-of-pork-cuts-k-types-of-pork-lead-update-instagram.jpg,FALSE,
pork feet,meat,https://i.ibb.co/LQJmhxn/k-Design-2024-05-2024-types-of-pork-cuts-k-types-of-pork-lead-update-instagram.jpg,FALSE,
lamb chops,meat,https://i.ibb.co/7tfqHcg/download-6.jpg,FALSE,
lamb shank,meat,https://i.ibb.co/7tfqHcg/download-6.jpg,FALSE,
rack of lamb,meat,https://i.ibb.co/7tfqHcg/download-6.jpg,FALSE,
leg of lamb,meat,https://i.ibb.co/7tfqHcg/download-6.jpg,FALSE,
lamb shoulder,meat,https://i.ibb.co/7tfqHcg/download-6.jpg,FALSE,
ground lamb,meat,https://i.ibb.co/7tfqHcg/download-6.jpg,FALSE,
lamb neck,meat,https://i.ibb.co/7tfqHcg/download-6.jpg,FALSE,
lamb liver,meat,https://i.ibb.co/7tfqHcg/download-6.jpg,FALSE,
goat leg,meat,https://i.ibb.co/L8RYjZC/istockphoto-1858878881-612x612.jpg,FALSE,
goat shoulder,meat,https://i.ibb.co/L8RYjZC/istockphoto-1858878881-612x612.jpg,FALSE,
goat ribs,meat,https://i.ibb.co/L8RYjZC/istockphoto-1858878881-612x612.jpg,FALSE,
ground goat,meat,https://i.ibb.co/L8RYjZC/istockphoto-1858878881-612x612.jpg,FALSE,
goat liver,meat,https://i.ibb.co/L8RYjZC/istockphoto-1858878881-612x612.jpg,FALSE,
whole turkey,meat,https://i.ibb.co/47SvKNT/images.jpg,FALSE,
turkey breast,meat,https://i.ibb.co/zFPjHyf/e5af299dc40a2e65abd4e2171bb3e81c.jpg,FALSE,
turkey thighs,meat,https://i.ibb.co/zFPjHyf/e5af299dc40a2e65abd4e2171bb3e81c.jpg,FALSE,
turkey drumsticks,meat,https://i.ibb.co/zFPjHyf/e5af299dc40a2e65abd4e2171bb3e81c.jpg,FALSE,
ground turkey,meat,https://i.ibb.co/zFPjHyf/e5af299dc40a2e65abd4e2171bb3e81c.jpg,FALSE,
turkey wings,meat,https://i.ibb.co/zFPjHyf/e5af299dc40a2e65abd4e2171bb3e81c.jpg,FALSE,
turkey sausage,meat,https://i.ibb.co/zFPjHyf/e5af299dc40a2e65abd4e2171bb3e81c.jpg,FALSE,
turkey bacon,meat,https://i.ibb.co/zFPjHyf/e5af299dc40a2e65abd4e2171bb3e81c.jpg,FALSE,
turkey lunchmeat,meat,https://i.ibb.co/zFPjHyf/e5af299dc40a2e65abd4e2171bb3e81c.jpg,FALSE,
ham lunchmeat,meat,https://i.ibb.co/zFPjHyf/e5af299dc40a2e65abd4e2171bb3e81c.jpg,FALSE,
duck breast,meat,https://i.ibb.co/vDfkTK5/download-7.jpg,FALSE,
duck leg,meat,https://i.ibb.co/vDfkTK5/download-7.jpg,FALSE,
whole duck,meat,https://i.ibb.co/vDfkTK5/download-7.jpg,FALSE,
duck confit,meat,https://i.ibb.co/vDfkTK5/download-7.jpg,FALSE,
duck wings,meat,https://i.ibb.co/vDfkTK5/download-7.jpg,FALSE,
ground duck,meat,https://i.ibb.co/vDfkTK5/download-7.jpg,FALSE,
veal chops,meat,https://i.ibb.co/cXqmbHm/download-8.jpg,FALSE,
veal cutlets,meat,https://i.ibb.co/cXqmbHm/download-8.jpg,FALSE,
veal shank,meat,https://i.ibb.co/cXqmbHm/download-8.jpg,FALSE,
veal tenderloin,meat,https://i.ibb.co/cXqmbHm/download-8.jpg,FALSE,
ground veal,meat,https://i.ibb.co/cXqmbHm/download-8.jpg,FALSE,
whole rabbit,meat,https://i.ibb.co/mhxMnkN/download-10.jpg,FALSE,
rabbit legs,meat,https://i.ibb.co/mhxMnkN/download-10.jpg,FALSE,
rabbit loin,meat,https://i.ibb.co/mhxMnkN/download-10.jpg,FALSE,
ground rabbit,meat,https://i.ibb.co/mhxMnkN/download-10.jpg,FALSE,
bison ribeye,meat,https://i.ibb.co/Mh0mscd/images-1.jpg,FALSE,
bison ground meat,meat,https://i.ibb.co/Mh0mscd/images-1.jpg,FALSE,
bison sirloin,meat,https://i.ibb.co/Mh0mscd/images-1.jpg,FALSE,
bison roast,meat,https://i.ibb.co/Mh0mscd/images-1.jpg,FALSE,
whole pheasant,meat,https://i.ibb.co/Hx9b4dQ/download-9.jpg,FALSE,
pheasant breasts,meat,https://i.ibb.co/Hx9b4dQ/download-9.jpg,FALSE,
pheasant legs,meat,https://i.ibb.co/Hx9b4dQ/download-9.jpg,FALSE,
whole quail,meat,https://i.ibb.co/Hx9b4dQ/download-9.jpg,FALSE,
quail breasts,meat,https://i.ibb.co/Hx9b4dQ/download-9.jpg,FALSE,
quail legs,meat,https://i.ibb.co/Hx9b4dQ/download-9.jpg,FALSE,
salmon,fish/seafood,https://i.ibb.co/qsPDQrC/download-15.jpg,FALSE,
tuna,fish/seafood,https://i.ibb.co/qsPDQrC/download-15.jpg,FALSE,
cod,fish/seafood,https://i.ibb.co/qsPDQrC/download-15.jpg,FALSE,
tilapia,fish/seafood,https://i.ibb.co/qsPDQrC/download-15.jpg,FALSE,
halibut,fish/seafood,https://i.ibb.co/qsPDQrC/download-15.jpg,FALSE,
trout,fish/seafood,https://i.ibb.co/qsPDQrC/download-15.jpg,FALSE,
pollock,fish/seafood,https://i.ibb.co/qsPDQrC/download-15.jpg,FALSE,
mahi-mahi,fish/seafood,https://i.ibb.co/qsPDQrC/download-15.jpg,FALSE,
snapper,fish/seafood,https://i.ibb.co/qsPDQrC/download-15.jpg,FALSE,
sardines,fish/seafood,https://i.ibb.co/qsPDQrC/download-15.jpg,FALSE,
rainbow trout,fish/seafood,https://i.ibb.co/qsPDQrC/download-15.jpg,FALSE,
swordfish,fish/seafood,https://i.ibb.co/qsPDQrC/download-15.jpg,FALSE,
sea bass,fish/seafood,https://i.ibb.co/qsPDQrC/download-15.jpg,FALSE,
catfish,fish/seafood,https://i.ibb.co/qsPDQrC/download-15.jpg,FALSE,
flounder,fish/seafood,https://i.ibb.co/qsPDQrC/download-15.jpg,FALSE,
bass,fish/seafood,https://i.ibb.co/qsPDQrC/download-15.jpg,FALSE,
whiting,fish/seafood,https://i.ibb.co/qsPDQrC/download-15.jpg,FALSE,
shrimp,fish/seafood,https://i.ibb.co/qsPDQrC/download-15.jpg,FALSE,
lobster,fish/seafood,https://i.ibb.co/qsPDQrC/download-15.jpg,FALSE,
crab,fish/seafood,https://i.ibb.co/qsPDQrC/download-15.jpg,FALSE,
prawns,fish/seafood,https://i.ibb.co/qsPDQrC/download-15.jpg,FALSE,
langoustine,fish/seafood,https://i.ibb.co/qsPDQrC/download-15.jpg,FALSE,
crawfish,fish/seafood,https://i.ibb.co/qsPDQrC/download-15.jpg,FALSE,
clams,fish/seafood,https://i.ibb.co/qsPDQrC/download-15.jpg,FALSE,
mussels,fish/seafood,https://i.ibb.co/qsPDQrC/download-15.jpg,FALSE,
oysters,fish/seafood,https://i.ibb.co/qsPDQrC/download-15.jpg,FALSE,
scallops,fish/seafood,https://i.ibb.co/qsPDQrC/download-15.jpg,FALSE,
squid,fish/seafood,https://i.ibb.co/qsPDQrC/download-15.jpg,FALSE,
octopus,fish/seafood,https://i.ibb.co/qsPDQrC/download-15.jpg,FALSE,
tofu,meat substitutes,https://i.ibb.co/qsPDQrC/download-15.jpg,FALSE,
tempeh,meat substitutes,https://i.ibb.co/qsPDQrC/download-15.jpg,FALSE,
soy crumbles,meat substitutes,https://i.ibb.co/qsPDQrC/download-15.jpg,FALSE,
textured vegetble protein,meat substitutes,https://i.ibb.co/qsPDQrC/download-15.jpg,FALSE,
seitan,meat substitutes,https://i.ibb.co/qsPDQrC/download-15.jpg,FALSE,
jackfruit,fruit,https://i.ibb.co/qsPDQrC/download-15.jpg,FALSE,
beyond meat,meat substitutes,https://i.ibb.co/qsPDQrC/download-15.jpg,FALSE,
impossible foods,meat substitutes,https://i.ibb.co/qsPDQrC/download-15.jpg,FALSE,
quorn,meat substitutes,https://i.ibb.co/qsPDQrC/download-15.jpg,FALSE,
gardein,meat substitutes,https://i.ibb.co/qsPDQrC/download-15.jpg,FALSE,
lightlife,meat substitutes,https://i.ibb.co/qsPDQrC/download-15.jpg,FALSE,
field roast,meat substitutes,https://i.ibb.co/qsPDQrC/download-15.jpg,FALSE,
tofurky,meat substitutes,https://i.ibb.co/qsPDQrC/download-15.jpg,FALSE,
sweet earth,meat substitutes,https://i.ibb.co/qsPDQrC/download-15.jpg,FALSE,
rice,grain,https://i.ibb.co/qsPDQrC/download-15.jpg,TRUE,
white rice,grain,https://i.ibb.co/qsPDQrC/download-15.jpg,FALSE,367
jasmine,grain,https://i.ibb.co/qsPDQrC/download-15.jpg,FALSE,367
basmati,grain,https://i.ibb.co/qsPDQrC/download-15.jpg,FALSE,367
brown rice,grain,https://i.ibb.co/qsPDQrC/download-15.jpg,FALSE,
wild rice,grain,https://i.ibb.co/qsPDQrC/download-15.jpg,FALSE,
whole wheat berries,grain,https://i.ibb.co/qsPDQrC/download-15.jpg,FALSE,
bulgur,grain,https://i.ibb.co/qsPDQrC/download-15.jpg,FALSE,
cracked wheat,grain,https://i.ibb.co/qsPDQrC/download-15.jpg,FALSE,
rolled oats,grain,https://i.ibb.co/qsPDQrC/download-15.jpg,FALSE,
steel-cut oats,grain,https://i.ibb.co/qsPDQrC/download-15.jpg,FALSE,
instant oats,grain,https://i.ibb.co/qsPDQrC/download-15.jpg,FALSE,
white quinoa,grain,https://i.ibb.co/qsPDQrC/download-15.jpg,FALSE,382
red quinoa,grain,https://i.ibb.co/qsPDQrC/download-15.jpg,FALSE,382
black quinoa,grain,https://i.ibb.co/qsPDQrC/download-15.jpg,FALSE,382
quinoa,grain,https://i.ibb.co/qsPDQrC/download-15.jpg,TRUE,
cornmeal,grain,https://i.ibb.co/qsPDQrC/download-15.jpg,TRUE,
fine cornmeal,grain,https://i.ibb.co/qsPDQrC/download-15.jpg,FALSE,383
medium cornmeal,grain,https://i.ibb.co/qsPDQrC/download-15.jpg,FALSE,383
course cornmeal,grain,https://i.ibb.co/qsPDQrC/download-15.jpg,FALSE,383
polenta,grain,https://i.ibb.co/qsPDQrC/download-15.jpg,FALSE,
grits,grain,https://i.ibb.co/qsPDQrC/download-15.jpg,FALSE,
hominy,grain,https://i.ibb.co/qsPDQrC/download-15.jpg,FALSE,
barley,grain,https://i.ibb.co/qsPDQrC/download-15.jpg,TRUE,
pearled barley,grain,https://i.ibb.co/qsPDQrC/download-15.jpg,FALSE,390
hulled barley,grain,https://i.ibb.co/qsPDQrC/download-15.jpg,FALSE,390
farro,grain,https://i.ibb.co/qsPDQrC/download-15.jpg,TRUE,
pearled farro,grain,https://i.ibb.co/qsPDQrC/download-15.jpg,FALSE,393
semi-pearled farro,grain,https://i.ibb.co/qsPDQrC/download-15.jpg,FALSE,393
spelt,grain,https://i.ibb.co/qsPDQrC/download-15.jpg,FALSE,
millet,grain,https://i.ibb.co/qsPDQrC/download-15.jpg,FALSE,
sorghum,grain,https://i.ibb.co/qsPDQrC/download-15.jpg,FALSE,
amaranth,grain,https://i.ibb.co/qsPDQrC/download-15.jpg,FALSE,
teff,grain,https://i.ibb.co/qsPDQrC/download-15.jpg,FALSE,
kamut,grain,https://i.ibb.co/qsPDQrC/download-15.jpg,FALSE,
buckwheat,grain,https://i.ibb.co/qsPDQrC/download-15.jpg,FALSE,
arborio rice,grain,https://i.ibb.co/qsPDQrC/download-15.jpg,FALSE,
sticky rice,grain,https://i.ibb.co/qsPDQrC/download-15.jpg,FALSE,
couscous,grain,https://i.ibb.co/qsPDQrC/download-15.jpg,TRUE,
whole wheat couscous,grain,https://i.ibb.co/qsPDQrC/download-15.jpg,FALSE,
pearl couscous,grain,https://i.ibb.co/qsPDQrC/download-15.jpg,FALSE,405
israeli couscous,grain,https://i.ibb.co/qsPDQrC/download-15.jpg,FALSE,405
semolina flour,baking,https://ibb.co/30cp44R,FALSE,
rice pilaf mix,grain,https://i.ibb.co/qsPDQrC/download-15.jpg,FALSE,
vegetable oil,oils,https://i.ibb.co/qsPDQrC/download-15.jpg,TRUE,
canola oil,oils,https://i.ibb.co/qsPDQrC/download-15.jpg,FALSE,411
corn oil,oils,https://i.ibb.co/qsPDQrC/download-15.jpg,FALSE,411
soybean oil,oils,https://i.ibb.co/qsPDQrC/download-15.jpg,FALSE,411
olive oil,oils,https://i.ibb.co/qsPDQrC/download-15.jpg,TRUE,
extra virgin olive oil,oils,https://i.ibb.co/qsPDQrC/download-15.jpg,FALSE,415
light olive oil,oils,https://i.ibb.co/qsPDQrC/download-15.jpg,FALSE,415
sunflower oil,oils,https://i.ibb.co/qsPDQrC/download-15.jpg,FALSE,
peanut oil,oils,https://i.ibb.co/qsPDQrC/download-15.jpg,FALSE,
sesame oil,oils,https://i.ibb.co/qsPDQrC/download-15.jpg,TRUE,
light sesame oil,oils,https://i.ibb.co/qsPDQrC/download-15.jpg,FALSE,420
toasted sesame oil,oils,https://i.ibb.co/qsPDQrC/download-15.jpg,FALSE,420
coconut oil,oils,https://i.ibb.co/qsPDQrC/download-15.jpg,TRUE,
refined coconut oil,oils,https://i.ibb.co/qsPDQrC/download-15.jpg,FALSE,423
virgin coconut oil,oils,https://i.ibb.co/qsPDQrC/download-15.jpg,FALSE,423
avocado oil,oils,https://i.ibb.co/qsPDQrC/download-15.jpg,FALSE,
butter,oils,https://i.ibb.co/qsPDQrC/download-15.jpg,TRUE,
salted butter,oils,https://i.ibb.co/qsPDQrC/download-15.jpg,FALSE,427
unsalted butter,oils,https://i.ibb.co/qsPDQrC/download-15.jpg,FALSE,427
ghee,oils,https://i.ibb.co/qsPDQrC/download-15.jpg,FALSE,
lard,oils,https://i.ibb.co/qsPDQrC/download-15.jpg,FALSE,
tallow,oils,https://i.ibb.co/qsPDQrC/download-15.jpg,TRUE,
beef tallow,oils,https://i.ibb.co/qsPDQrC/download-15.jpg,FALSE,432
mutton tallow,oils,https://i.ibb.co/qsPDQrC/download-15.jpg,FALSE,432
duck fat,oils,https://i.ibb.co/qsPDQrC/download-15.jpg,FALSE,
chicken fat,oils,https://i.ibb.co/qsPDQrC/download-15.jpg,TRUE,
schmaltz,oils,https://i.ibb.co/qsPDQrC/download-15.jpg,FALSE,436
walnut oil,oils,https://i.ibb.co/qsPDQrC/download-15.jpg,FALSE,
hazelnut oil,oils,https://i.ibb.co/qsPDQrC/download-15.jpg,FALSE,
almond oil,oils,https://i.ibb.co/qsPDQrC/download-15.jpg,FALSE,
pistachio oil,oils,https://i.ibb.co/qsPDQrC/download-15.jpg,FALSE,
grapeseed oil,oils,https://i.ibb.co/qsPDQrC/download-15.jpg,FALSE,
pumpkin seed oil,oils,https://i.ibb.co/qsPDQrC/download-15.jpg,FALSE,
flaxseed oil,oils,https://i.ibb.co/qsPDQrC/download-15.jpg,FALSE,
linseed oil,oils,https://i.ibb.co/qsPDQrC/download-15.jpg,FALSE,
hemp seed oil,oils,https://i.ibb.co/qsPDQrC/download-15.jpg,FALSE,
argan oil,oils,https://i.ibb.co/qsPDQrC/download-15.jpg,FALSE,
perilla oil,oils,https://i.ibb.co/qsPDQrC/download-15.jpg,FALSE,
camelina oil,oils,https://i.ibb.co/qsPDQrC/download-15.jpg,FALSE,
rice bran oil,oils,https://i.ibb.co/qsPDQrC/download-15.jpg,FALSE,
goose fat,oils,https://i.ibb.co/qsPDQrC/download-15.jpg,FALSE,
bacon fat,oils,https://i.ibb.co/qsPDQrC/download-15.jpg,FALSE,
bear fat,oils,https://i.ibb.co/qsPDQrC/download-15.jpg,FALSE,
garlic-infused oil,oils,https://i.ibb.co/qsPDQrC/download-15.jpg,FALSE,
chili-infushed oil,oils,https://i.ibb.co/qsPDQrC/download-15.jpg,FALSE,
rosemary-infused oil,oils,https://i.ibb.co/qsPDQrC/download-15.jpg,FALSE,
basil-infused oil,oils,https://i.ibb.co/qsPDQrC/download-15.jpg,FALSE,
palm oil,oils,https://i.ibb.co/qsPDQrC/download-15.jpg,FALSE,
hydrogentated vegetable shortening,oils,https://i.ibb.co/qsPDQrC/download-15.jpg,FALSE,
crisco,oils,https://i.ibb.co/qsPDQrC/download-15.jpg,FALSE,
cooking spray,oils,https://i.ibb.co/qsPDQrC/download-15.jpg,FALSE,
olive oil cooking spray,oils,https://i.ibb.co/qsPDQrC/download-15.jpg,FALSE,
PAM cooking spray,oils,https://i.ibb.co/qsPDQrC/download-15.jpg,FALSE,
avocado oil cooking spray,oils,https://i.ibb.co/qsPDQrC/download-15.jpg,FALSE,
coconut butter,oils,https://i.ibb.co/qsPDQrC/download-15.jpg,FALSE,
plant-based butter,oils,https://i.ibb.co/qsPDQrC/download-15.jpg,FALSE,
macadamia nut oil,oils,https://i.ibb.co/qsPDQrC/download-15.jpg,FALSE,
kukui nut oil,oils,https://i.ibb.co/qsPDQrC/download-15.jpg,FALSE,
marula oil,oils,https://i.ibb.co/qsPDQrC/download-15.jpg,FALSE,
tea seed oil,oils,https://i.ibb.co/qsPDQrC/download-15.jpg,FALSE,
baobab oil,oils,https://i.ibb.co/qsPDQrC/download-15.jpg,FALSE,
chia seeds,seeds,https://i.ibb.co/qsPDQrC/download-15.jpg,FALSE,
flaxseeds,seeds,https://i.ibb.co/qsPDQrC/download-15.jpg,FALSE,
sunflower seeds,seeds,https://i.ibb.co/qsPDQrC/download-15.jpg,FALSE,
pumpkin seeds,seeds,https://i.ibb.co/qsPDQrC/download-15.jpg,FALSE,
poppy seeds,seeds,https://i.ibb.co/qsPDQrC/download-15.jpg,FALSE,
caraway seeds,seeds,https://i.ibb.co/qsPDQrC/download-15.jpg,FALSE,
coriander seeds,seeds,https://i.ibb.co/qsPDQrC/download-15.jpg,FALSE,
mustard seeds,seeds,https://i.ibb.co/qsPDQrC/download-15.jpg,FALSE,
nigella seeds,seeds,https://i.ibb.co/qsPDQrC/download-15.jpg,FALSE,
cumin seeds,seeds,https://i.ibb.co/qsPDQrC/download-15.jpg,FALSE,
hemp seeds,seeds,https://i.ibb.co/qsPDQrC/download-15.jpg,FALSE,
alfalfa seeds,seeds,https://i.ibb.co/qsPDQrC/download-15.jpg,FALSE,
broccoli seeds,seeds,https://i.ibb.co/qsPDQrC/download-15.jpg,FALSE,
mung beans,seeds,https://i.ibb.co/qsPDQrC/download-15.jpg,FALSE,
radish seeds,seeds,https://i.ibb.co/qsPDQrC/download-15.jpg,FALSE,
basil seeds,seeds,https://i.ibb.co/qsPDQrC/download-15.jpg,FALSE,
lotus seeds,seeds,https://i.ibb.co/qsPDQrC/download-15.jpg,FALSE,
roasted soybeans,seeds,https://i.ibb.co/qsPDQrC/download-15.jpg,FALSE,
cake flour,baking,https://i.ibb.co/D7Q9zzr/flour-types-1637342044.jpg,FALSE,
pastry flour,baking,https://i.ibb.co/D7Q9zzr/flour-types-1637342044.jpg,FALSE,
almond flour,baking,https://i.ibb.co/D7Q9zzr/flour-types-1637342044.jpg,FALSE,
coconut flour,baking,https://i.ibb.co/D7Q9zzr/flour-types-1637342044.jpg,FALSE,
oat flour,baking,https://i.ibb.co/D7Q9zzr/flour-types-1637342044.jpg,FALSE,
rye flour,baking,https://i.ibb.co/D7Q9zzr/flour-types-1637342044.jpg,FALSE,
spelt flour,baking,https://i.ibb.co/D7Q9zzr/flour-types-1637342044.jpg,FALSE,
cornstarch,baking,https://i.ibb.co/qsPDQrC/download-15.jpg,FALSE,
baking soda,baking,https://i.ibb.co/qsPDQrC/download-15.jpg,FALSE,
baking powder,baking,https://i.ibb.co/qsPDQrC/download-15.jpg,FALSE,
yeast,baking,https://i.ibb.co/qsPDQrC/download-15.jpg,FALSE,
active dry,baking,https://i.ibb.co/qsPDQrC/download-15.jpg,FALSE,
instant yeast,baking,https://i.ibb.co/qsPDQrC/download-15.jpg,FALSE,
fresh yeast,baking,https://i.ibb.co/qsPDQrC/download-15.jpg,FALSE,
nutritional yeast,spices,https://i.ibb.co/qsPDQrC/download-15.jpg,FALSE,
sourdough starter,baking,https://i.ibb.co/qsPDQrC/download-15.jpg,FALSE,
honey,baking,https://i.ibb.co/qsPDQrC/download-15.jpg,FALSE,
maple syrup,baking,https://i.ibb.co/qsPDQrC/download-15.jpg,FALSE,
agave nectar,baking,https://i.ibb.co/qsPDQrC/download-15.jpg,FALSE,
coconut sugar,baking,https://i.ibb.co/qsPDQrC/download-15.jpg,FALSE,
date sugar,baking,https://i.ibb.co/qsPDQrC/download-15.jpg,FALSE,
skim milk,dairy/eggs,https://i.ibb.co/j5M6FM1/Glass-and-bottle-of-milk-fe0997a.jpg,FALSE,150
1% milk,dairy/eggs,https://i.ibb.co/j5M6FM1/Glass-and-bottle-of-milk-fe0997a.jpg,FALSE,150
buttermilk,dairy/eggs,https://i.ibb.co/j5M6FM1/Glass-and-bottle-of-milk-fe0997a.jpg,FALSE,
heavy whipping cream,dairy/eggs,https://i.ibb.co/QdP7HbY/download-11.jpg,FALSE,
whipped cream,dairy/eggs,https://i.ibb.co/4JpXMBB/heavy-whipping-cream-substitution-8.jpg,FALSE,
half and half,dairy/eggs,https://i.ibb.co/j5M6FM1/Glass-and-bottle-of-milk-fe0997a.jpg,FALSE,
sour cream,dairy/eggs,https://i.ibb.co/nkFyK3d/yogurt.jpg,FALSE,
yogurt,dairy/eggs,https://i.ibb.co/nkFyK3d/yogurt.jpg,TRUE,
plain yogurt,dairy/eggs,https://i.ibb.co/nkFyK3d/yogurt.jpg,FALSE,518
greek yogurt,dairy/eggs,https://i.ibb.co/nkFyK3d/yogurt.jpg,FALSE,518
almond milk,dairy/eggs,https://i.ibb.co/b24FnZP/MLK-Types-Of-Nut-Milk-multi-scene3-1920x1080-e240eb0e-dc26-4a90-bd73-030aca8f051d.webp,FALSE,
soy milk,dairy/eggs,https://i.ibb.co/b24FnZP/MLK-Types-Of-Nut-Milk-multi-scene3-1920x1080-e240eb0e-dc26-4a90-bd73-030aca8f051d.webp,FALSE,
oat milk,dairy/eggs,https://i.ibb.co/b24FnZP/MLK-Types-Of-Nut-Milk-multi-scene3-1920x1080-e240eb0e-dc26-4a90-bd73-030aca8f051d.webp,FALSE,
coconut milk,dairy/eggs,https://i.ibb.co/b24FnZP/MLK-Types-Of-Nut-Milk-multi-scene3-1920x1080-e240eb0e-dc26-4a90-bd73-030aca8f051d.webp,FALSE,
cream cheese,dairy/eggs,https://i.ibb.co/L1Q48nf/istockphoto-185931461-612x612.jpg,FALSE,
chocolate chips,baking,https://i.ibb.co/qsPDQrC/download-15.jpg,FALSE,
milk chocolate chips,baking,https://i.ibb.co/qsPDQrC/download-15.jpg,FALSE,
semi sweet chocolate chips,baking,https://i.ibb.co/qsPDQrC/download-15.jpg,FALSE,
dark chocolate chips,baking,https://i.ibb.co/qsPDQrC/download-15.jpg,FALSE,
peanut butter chips,baking,https://i.ibb.co/qsPDQrC/download-15.jpg,FALSE,
butterscotch chips,baking,https://i.ibb.co/qsPDQrC/download-15.jpg,FALSE,
whole almonds,seeds,https://i.ibb.co/qsPDQrC/download-15.jpg,FALSE,
sliced almonds,seeds,https://i.ibb.co/qsPDQrC/download-15.jpg,FALSE,
slivered almonds,seeds,https://i.ibb.co/qsPDQrC/download-15.jpg,FALSE,
blanched almonds,seeds,https://i.ibb.co/qsPDQrC/download-15.jpg,FALSE,
walnuts,seeds,https://i.ibb.co/qsPDQrC/download-15.jpg,FALSE,
pecans,seeds,https://i.ibb.co/qsPDQrC/download-15.jpg,FALSE,
hazelnuts,seeds,https://i.ibb.co/qsPDQrC/download-15.jpg,FALSE,
raisins,fruit,https://i.ibb.co/qsPDQrC/download-15.jpg,FALSE,
dried cranberries,fruit,https://i.ibb.co/qsPDQrC/download-15.jpg,FALSE,
dried apricots,fruit,https://i.ibb.co/qsPDQrC/download-15.jpg,FALSE,
dried apple rings,fruit,https://i.ibb.co/qsPDQrC/download-15.jpg,FALSE,
dried banana slices,fruit,https://i.ibb.co/qsPDQrC/download-15.jpg,FALSE,
dried blueberries,fruit,https://i.ibb.co/qsPDQrC/download-15.jpg,FALSE,
shredded coconut,fruit,https://i.ibb.co/qsPDQrC/download-15.jpg,FALSE,
almond extract,baking,https://i.ibb.co/qsPDQrC/download-15.jpg,FALSE,
clove,spices,https://i.ibb.co/qsPDQrC/download-15.jpg,FALSE,
ginger,spices,https://i.ibb.co/qsPDQrC/download-15.jpg,FALSE,
minced ginger,spices,https://i.ibb.co/qsPDQrC/download-15.jpg,FALSE,
ginger paste,spices,https://i.ibb.co/qsPDQrC/download-15.jpg,FALSE,
anise,spices,https://i.ibb.co/qsPDQrC/download-15.jpg,FALSE,
arrowroot powder,baking,https://i.ibb.co/qsPDQrC/download-15.jpg,FALSE,
gelatin,baking,https://i.ibb.co/qsPDQrC/download-15.jpg,FALSE,
agar-agar,baking,https://i.ibb.co/qsPDQrC/download-15.jpg,FALSE,
pectin,baking,https://i.ibb.co/qsPDQrC/download-15.jpg,FALSE,
cocoa powder,baking,https://i.ibb.co/qsPDQrC/download-15.jpg,FALSE,
dutch-processed cocoa powder,baking,https://i.ibb.co/qsPDQrC/download-15.jpg,FALSE,
food coloring,baking,https://i.ibb.co/qsPDQrC/download-15.jpg,FALSE,
sprinkles,baking,https://i.ibb.co/qsPDQrC/download-15.jpg,FALSE,
edible glitter,baking,https://i.ibb.co/qsPDQrC/download-15.jpg,FALSE,
dried basil,herb,https://i.ibb.co/qsPDQrC/download-15.jpg,FALSE,
fresh parsley,herb,https://i.ibb.co/qsPDQrC/download-15.jpg,FALSE,
flat-leaf parsley,herb,https://i.ibb.co/qsPDQrC/download-15.jpg,FALSE,
curly parsley,herb,https://i.ibb.co/qsPDQrC/download-15.jpg,FALSE,
cilantro,herb,https://i.ibb.co/qsPDQrC/download-15.jpg,FALSE,
fresh dill,herb,https://i.ibb.co/qsPDQrC/download-15.jpg,FALSE,
fresh thyme,herb,https://i.ibb.co/qsPDQrC/download-15.jpg,FALSE,
fresh oregano,herb,https://i.ibb.co/qsPDQrC/download-15.jpg,FALSE,
fresh rosemary ,herb,https://i.ibb.co/qsPDQrC/download-15.jpg,FALSE,
mint,herb,https://i.ibb.co/qsPDQrC/download-15.jpg,FALSE,
fresh sage,herb,https://i.ibb.co/qsPDQrC/download-15.jpg,FALSE,
tarragon,herb,https://i.ibb.co/qsPDQrC/download-15.jpg,FALSE,
fresh bay leaves,herb,https://i.ibb.co/qsPDQrC/download-15.jpg,FALSE,
marjoram,herb,https://i.ibb.co/qsPDQrC/download-15.jpg,FALSE,
lavender,herb,https://i.ibb.co/qsPDQrC/download-15.jpg,FALSE,
summer savory,herb,https://i.ibb.co/qsPDQrC/download-15.jpg,FALSE,
sorrel,herb,https://i.ibb.co/qsPDQrC/download-15.jpg,FALSE,
thai basil,herb,https://i.ibb.co/qsPDQrC/download-15.jpg,FALSE,
lemongrass,herb,https://i.ibb.co/qsPDQrC/download-15.jpg,FALSE,
kaffir lime leaves,herb,https://i.ibb.co/qsPDQrC/download-15.jpg,FALSE,
shiso,herb,https://i.ibb.co/qsPDQrC/download-15.jpg,FALSE,
vietnamese coriander,herb,https://i.ibb.co/qsPDQrC/download-15.jpg,FALSE,
epazote,herb,https://i.ibb.co/qsPDQrC/download-15.jpg,FALSE,
curry leaves,herb,https://i.ibb.co/qsPDQrC/download-15.jpg,FALSE,
fenugreek,herb,https://i.ibb.co/qsPDQrC/download-15.jpg,FALSE,
lovage,herb,https://i.ibb.co/qsPDQrC/download-15.jpg,FALSE,
borage,herb,https://i.ibb.co/qsPDQrC/download-15.jpg,FALSE,
chervil,herb,https://i.ibb.co/qsPDQrC/download-15.jpg,FALSE,
lemon balm,herb,https://i.ibb.co/qsPDQrC/download-15.jpg,FALSE,
sweet woodruff,herb,https://i.ibb.co/qsPDQrC/download-15.jpg,FALSE,
angelica,herb,https://i.ibb.co/qsPDQrC/download-15.jpg,FALSE,
nettle,herb,https://i.ibb.co/qsPDQrC/download-15.jpg,FALSE,
purslane,herb,https://i.ibb.co/qsPDQrC/download-15.jpg,FALSE,
dandelion greens,herb,https://i.ibb.co/qsPDQrC/download-15.jpg,FALSE,
wild garlic,herb,https://i.ibb.co/qsPDQrC/download-15.jpg,FALSE,
herbes de provence,herb,https://i.ibb.co/qsPDQrC/download-15.jpg,FALSE,
za atar,herb,https://i.ibb.co/qsPDQrC/download-15.jpg,FALSE,
bouquet garni,herb,https://i.ibb.co/qsPDQrC/download-15.jpg,FALSE,
whole grain mustard,condiments,https://i.ibb.co/qsPDQrC/download-15.jpg,FALSE,
honey mustard,condiments,https://i.ibb.co/qsPDQrC/download-15.jpg,FALSE,
relish,condiments,https://i.ibb.co/qsPDQrC/download-15.jpg,FALSE,
hot sauce,condiments,https://i.ibb.co/qsPDQrC/download-15.jpg,FALSE,
tabasco,condiments,https://i.ibb.co/qsPDQrC/download-15.jpg,FALSE,
sriracha,condiments,https://i.ibb.co/qsPDQrC/download-15.jpg,FALSE,
franks redhot,condiments,https://i.ibb.co/qsPDQrC/download-15.jpg,FALSE,
soy sauce,condiments,https://i.ibb.co/qsPDQrC/download-15.jpg,FALSE,
tamari,condiments,https://i.ibb.co/qsPDQrC/download-15.jpg,FALSE,
hoisin sauce,condiments,https://i.ibb.co/qsPDQrC/download-15.jpg,FALSE,
teriyaki sauce,condiments,https://i.ibb.co/qsPDQrC/download-15.jpg,FALSE,
miso paste,condiments,https://i.ibb.co/qsPDQrC/download-15.jpg,FALSE,
vinegar,condiments,https://i.ibb.co/qsPDQrC/download-15.jpg,FALSE,
apple cider vinegar,condiments,https://i.ibb.co/qsPDQrC/download-15.jpg,FALSE,
balsamic vinegar,condiments,https://i.ibb.co/qsPDQrC/download-15.jpg,FALSE,
red wine vinegar,condiments,https://i.ibb.co/qsPDQrC/download-15.jpg,FALSE,
white wine vinegar,condiments,https://i.ibb.co/qsPDQrC/download-15.jpg,FALSE,
champagne vinegar,condiments,https://i.ibb.co/qsPDQrC/download-15.jpg,FALSE,
rice vinegar,condiments,https://i.ibb.co/qsPDQrC/download-15.jpg,FALSE,
malt vinegar,condiments,https://i.ibb.co/qsPDQrC/download-15.jpg,FALSE,
pickles,condiments,https://i.ibb.co/qsPDQrC/download-15.jpg,FALSE,
pickle chips,condiments,https://i.ibb.co/qsPDQrC/download-15.jpg,FALSE,
pickle spears,condiments,https://i.ibb.co/qsPDQrC/download-15.jpg,FALSE,
pickle slices,condiments,https://i.ibb.co/qsPDQrC/download-15.jpg,FALSE,
sweet baby pickle,condiments,https://i.ibb.co/qsPDQrC/download-15.jpg,FALSE,
baby dill pickle,condiments,https://i.ibb.co/qsPDQrC/download-15.jpg,FALSE,
pickled beets,condiments,https://i.ibb.co/qsPDQrC/download-15.jpg,FALSE,
pickled carrots,condiments,https://i.ibb.co/qsPDQrC/download-15.jpg,FALSE,
pickled asparagus,condiments,https://i.ibb.co/qsPDQrC/download-15.jpg,FALSE,
chutney,condiments,https://i.ibb.co/qsPDQrC/download-15.jpg,FALSE,
chiichurri,condiments,https://i.ibb.co/qsPDQrC/download-15.jpg,FALSE,
giardiniera,condiments,https://i.ibb.co/qsPDQrC/download-15.jpg,FALSE,
truffle oil,condiments,https://i.ibb.co/qsPDQrC/download-15.jpg,FALSE,
aioli,condiments,https://i.ibb.co/qsPDQrC/download-15.jpg,FALSE,
strawberry jam,condiments,https://i.ibb.co/qsPDQrC/download-15.jpg,FALSE,
strawberry preserves,condiments,https://i.ibb.co/qsPDQrC/download-15.jpg,FALSE,
strawberry jelly,condiments,https://i.ibb.co/qsPDQrC/download-15.jpg,FALSE,
raspberry jam,condiments,https://i.ibb.co/qsPDQrC/download-15.jpg,FALSE,
raspberry preserves,condiments,https://i.ibb.co/qsPDQrC/download-15.jpg,FALSE,
rasberry jelly,condiments,https://i.ibb.co/qsPDQrC/download-15.jpg,FALSE,
grape jelly,condiments,https://i.ibb.co/qsPDQrC/download-15.jpg,FALSE,
cranberry sauce,condiments,https://i.ibb.co/qsPDQrC/download-15.jpg,FALSE,
wasabi,condiments,https://i.ibb.co/qsPDQrC/download-15.jpg,FALSE,
fish sauce,condiments,https://i.ibb.co/qsPDQrC/download-15.jpg,FALSE,
gochujang,condiments,https://i.ibb.co/qsPDQrC/download-15.jpg,FALSE,
sambal oelek,condiments,https://i.ibb.co/qsPDQrC/download-15.jpg,FALSE,
tamarind paste,condiments,https://i.ibb.co/qsPDQrC/download-15.jpg,FALSE,
harissa,condiments,https://i.ibb.co/qsPDQrC/download-15.jpg,FALSE,
pesto,condiments,https://i.ibb.co/qsPDQrC/download-15.jpg,FALSE,
kichi,condiments,https://i.ibb.co/qsPDQrC/download-15.jpg,FALSE,
sauerkraut,condiments,https://i.ibb.co/qsPDQrC/download-15.jpg,FALSE,
fermented hot sauce,condiments,https://i.ibb.co/qsPDQrC/download-15.jpg,FALSE,
peanut butter,condiments,https://i.ibb.co/qsPDQrC/download-15.jpg,FALSE,
creamy peanut butter,condiments,https://i.ibb.co/qsPDQrC/download-15.jpg,FALSE,
crunch peanut butter,condiments,https://i.ibb.co/qsPDQrC/download-15.jpg,FALSE,
sunflower butter,condiments,https://i.ibb.co/qsPDQrC/download-15.jpg,FALSE,
almond butter,condiments,https://i.ibb.co/qsPDQrC/download-15.jpg,FALSE,
cashew butter,condiments,https://i.ibb.co/qsPDQrC/download-15.jpg,FALSE,
macadamia nuts,condiments,https://i.ibb.co/qsPDQrC/download-15.jpg,FALSE,
macadamia nut butter,condiments,https://i.ibb.co/qsPDQrC/download-15.jpg,FALSE,
nutella,condiments,https://i.ibb.co/qsPDQrC/download-15.jpg,FALSE,
chocolate hazelnut spread,condiments,https://i.ibb.co/qsPDQrC/download-15.jpg,FALSE,
marmite,condiments,https://i.ibb.co/qsPDQrC/download-15.jpg,FALSE,
vegemite,condiments,https://i.ibb.co/qsPDQrC/download-15.jpg,FALSE,
cocktail sauce,condiments,https://i.ibb.co/qsPDQrC/download-15.jpg,FALSE,
horseradish,condiments,https://i.ibb.co/qsPDQrC/download-15.jpg,FALSE,
tartar sauce,condiments,https://i.ibb.co/qsPDQrC/download-15.jpg,FALSE,
steak sauce,condiments,https://i.ibb.co/qsPDQrC/download-15.jpg,FALSE,
eggs,dairy/eggs,https://i.ibb.co/WvT71wF/three-types-of-eggs.jpg,TRUE,
chicken eggs,dairy/eggs,https://i.ibb.co/WvT71wF/three-types-of-eggs.jpg,FALSE,667
duck eggs,dairy/eggs,https://i.ibb.co/WvT71wF/three-types-of-eggs.jpg,FALSE,667
quail eggs,dairy/eggs,https://i.ibb.co/WvT71wF/three-types-of-eggs.jpg,FALSE,667
evaporated milk,dairy/eggs,https://i.ibb.co/j4L1VRG/1-Ingredient-Evaporated-Milk-Salimas-Kitchen-19.webp,FALSE,
condensed milk,dairy/eggs,https://i.ibb.co/WzDjby5/download-12.jpg,FALSE,
powdered milk,dairy/eggs,https://i.ibb.co/9VSmjH5/61673689.webp,FALSE,
cheddar cheese,dairy/eggs,https://i.ibb.co/nDtghMf/How-to-Make-Cheddar-Cheese-17.jpg,FALSE,
mozzarella cheese,dairy/eggs,https://i.ibb.co/JrZ3pKq/types-of-cheese-chefs-always-have-in-their-fridge-FT-BLOG0122-f4ff1613b1b14b09ad0b6c0734a59781.jpg,FALSE,
parmesan cheese,dairy/eggs,https://i.ibb.co/JrZ3pKq/types-of-cheese-chefs-always-have-in-their-fridge-FT-BLOG0122-f4ff1613b1b14b09ad0b6c0734a59781.jpg,FALSE,
swiss cheese,dairy/eggs,https://i.ibb.co/qM1bCVm/360-F-566029808-X7praimu-CQt0-Ms-LCmw5d65-Pp5-Kqm-TS8e.jpg,FALSE,
american cheese,dairy/eggs,https://i.ibb.co/JrZ3pKq/types-of-cheese-chefs-always-have-in-their-fridge-FT-BLOG0122-f4ff1613b1b14b09ad0b6c0734a59781.jpg,FALSE,
cottage cheese,dairy/eggs,https://i.ibb.co/rGRRnzW/What-To-Look-For-In-Cottage-Cheese-600x450.jpg,FALSE,
flavored yogurt,dairy/eggs,https://i.ibb.co/nkFyK3d/yogurt.jpg,FALSE,518